Teran,IPA Letter,Note,Pronunciation,,Word example,English,Spanish,Portuguese,czech,Russian,Polish,Other Cyrillic,Esperanto,Greek,Macedonian,Mongolian,Lithuanian,Latvian,Estonian,Hungarian,Finnish,Turkish,Albanian,Irish,Welsh,Armenian,Unifon,Vietnamese,Korean,Hindi,Bengali,Telugu,Indonesian,Tagalog,chinese pinyin,Thai,Persian,Arabic,Hebrew,Assyrian Latin,Native
a,"a, √§, …ê",vowel,ah,,,,,,,,,,A,,,,,,,,,,,,,,,,,,,,,,,,,,,,
…ë,"…ë, …í, …î",vowel,aw,,,,,,,,,,,,,,,,,,,,,,,,,,,,,,,,,,,,,,
b,b,consonant,b,,,b,,,,–ë,B,,B,,,,,,,,,,,,,,B,,,,,,,,,,,,,,
—á,"tÕú É, t…ï",consonant,ch,,,-,,,,–ß,ƒÜ,—á,ƒà,Cypriot- œÑœÉÃå,—á,,,,,Cs,,√ß,√ß,,,,»ª,,,‡§ö‡§æ,,,,,,,,,,,
d,d,consonant,d,,,d,,,,–î,d,,D,Œî,,,,,,,,,,,,,D,,,,,,,,,,,,,,
e,"eÃû, …õ",Vowel,eh,,let,,,,,,,,E,,,,,,,,,,,,,,,,,,,,,,,,,,,,
i,…™,,short i,,sister,,,,,,,,,,,,,,,,,,,,,,,,,,,,,,,,,,,,
f,,consonant,f,,,f,,,,—Ñ,,,F,Œ¶,,,,,,,,,,,,,F,,,,,,,,,,,,,,
g,g,consonant,g/guh,,,g,,,,–ì,,,G,Œì,,,,,,,,,,,,,G,,,,,,,,,,,,,,
j ,dÕú í,consonant,j/dge,,"Judge, j√£j",j,,,,–î–∂,,–¥–∂,ƒú,,—ü,,,,,,,C (so dumb),,,,"’ã, ’ª",J,,,‡§ú‡§æ,‡¶ú,,J,,,,,,,«ß,
h,,consonant,h,,,h,,,,,,,H,,,,,,,,,,,,,,H,,,,,,,,,,,,,,
ƒ´,i,vowel,"ee, long i, ",,,,,,,,,,I,,,,,,,,,,,,,,,,,,,,,,,,,,,,
k,,consonant,k,,,k,,,,k,,,K,k,,,,,,,,,,,,,K,,,,,,,,,,,,,,
l,,liquid consonant,l,,,l,,,,–õ,,,L,Œõ,,,,,,,,,,,,‘º/ ’¨,L,,,,,,,,,,,,◊ú,,
 å,"…ô,  å, …û",vowel ,uh,,,,,,,,,,,,,,,,,,,,,,,,,,,,,,,,,,,,,,
m,,consonant,m,,,m,,,,,,,M,M,,,,,,,,,,,,,M,,,,,,,,,,,,,,
n,,consonant,n,,,n,,,,,,,N,N,,,,,,,,,,,,,N,,,,,,,,,,,,,,
≈ã ,≈ã,consonant,Ng,,walking,ng,ng,ng/nk,,none,ng,“£ / ”à,none,,,–Ω / ≈ã,,,,,,,,,Ng,,–ò,,,·πÖ,,,,,,,,,,,
o,o,vowel,o,,,,,,,,,,O,,,,,,,,,,,,,,,,,,,,,,,,,,,,
p,,consonant,p,,,p,,,,,,,P,Œ†,,,,,,,,,,,,,P,,,,,,,,,,,,,,
r,,liquid consonant,r,,,,,,,,,,R,,,,,,,,,,,,,,R,,,,,,,,,,,,,,
s,,flexible consonant,s,,,,,,,,,,S,Œ£ or c,,,,,,Sz,,,,,,,S,,,,,,,,,,,,,,
x," É, …ï",consonant,sh,"x 1,469,708,600
—à 336,360,000",,-,,x,,–®,≈ö,,≈ú,œÉ,—à,,≈°,,,s,≈°,≈û,,s,si,’∑,SÃ∏,,,‡§∂,,,,siy,x,,,,,,
t,,consonant,t,,,,,,,,,,T,T,,,,,,,,,,,,,T,,,,,,,,,,,,,,
u,"u, …Ø",vowel,oo,,,,,,,,,,U,,,,,,,,,,,,,,,,,,,,,,,,,,,,
v,,consonant,v,,,V,,,,B,,,V,"B, Œ≤",,,,,,,,v,,,,’æ,,,,,,,,,,,,,,,
w,,Semivowel,w ,,,,,,,,≈Å,,≈¨,,,,,,,,,,,,,,,,,,,,,,,,,,,,
y,j,Semivowel,Y,,,Y,,,,–Ø,J,–Ø,J,·º¥,J,,,,,J,J,y,,,,,Y,,,‡§Ø‡§æ,,,,y,,,,,,,
z,,consonant,z,,,,,,,,,,Z,z,,,,,,,,,,,,,∆µ,,,,,,,,,,,,,,
–∂, í,consonant,zh,,Pleasure,su,,,,–ñ,≈ª,,ƒ¥,,,,,,,Zs,≈Ω≈æ,J,,,,’™, ë™Ω,,,,,,,,,,,,,,
,,,,,,,,,,,,,,,,,,,,,,,,,,,,,,,,,,,,,,,,,
y and w are semivowel and can glide,,,,,,,,,,,,,,,,,,,,,,,,,,,,,,,,,,,,,,,,,
,,,ky,,,,,,,,,,,,,,,,,,,,,,,,,,,,,,,,,,,,,,
,…≤,,ny,,,,√±,,≈à,,≈Ñ,,,,,,,,,,,,,,,,,,,,,,,,,,,,,,
,,,hy,,,,,,,,,,,,,,,,,,,,,,,,,,,,,,,,,,,,,,
,m ≤,,my,,,,,,,,,,,,,,,,,,,,,,,,,,,,,,,,,,,,,,
,,,ry,,,,,,,,,,,,,,,,,,,,,,,,,,,,,,,,,,,,,,
,…ü,,gy,,,,,,,,,,,,,,,,,,,,,,,,,,,,,,,,,,,,,,
,,,by,,,,,,,,,,,,,,,,,,,,,,,,,,,,,,,,,,,,,,
,,,py,,,,,,,,,,,,,,,,,,,,,,,,,,,,,,,,,,,,,,
,,,,,,,,,,,,,,,,,,,,,,,,,,,,,,,,,,,,,,,,,
No english x as e + k + s,,,,,,,,,,,,,,,,,,,,,,,,,,,,,,,,,,,,,,,,,
,,,,,,,,,,,,,,,,,,,,,,,,,,,,,,,,,,,,,,,,,
List of Greek and Latin roots in English - Wikipedia,,,,,,,,,,,,,,,,,,,,,,,,,,,,,,,,,,,,,,,,,
,Diphtong or use diacritic?,,,,,,,,,,,,,,,,,,,,,,,,,,,,,,,,,,,,,,,,
,Dipthongs,Example,IPA,,,,,,,,,,,,,,,,,,,,,,,,,,,,,,,,,,,,,,
,au,loud (aou),a ä,,,,,,,,,,,,,,,,,,,,,,,,,,,,,,,,,,,,,,
,ai,"lied, light",a…™,,,,,,,,,,,,,,,,,,,,,,,,,,,,,,,,,,,,,,
,ei,lay,"e…™, e",,,,,? or dipthing aw,,aw, ,,,,,,,,,,,,,,,,,,,,,,,,,,,,,,
,oiÃØ,coin,…î…™,,,,,,a,"father, hat, cat","√§, …ê, √¶,…î, …í,…ë",,,,,,,,,,,,,,,,,,,,,,,,,,,,,,
,ae,ant,√¶,,,,,,e,eh,"eÃû, …õ,√∏Ãû,…™, è,…ò,≈ì",,,,,,,,,,,,,,,,,,,,,,,,,,,,,,
,,,,,,,,,…ô,uh,,,,,,,,,,,,,,,,,,,,,,,,,,,,,,,
,,,,,,,,,i,ee,,,,,,,,,,,,,,,,,,,,,,,,,,,,,,,
,,,,,,,,,u,uu/oo,"u,…Ø, ä,…µ, â,…®",,,,,,,,,,,,,,,,,,,,,,,,,,,,,,
,,,,,,,,,o,o,"o,oÃû",,,,,,,,,,,,,,,,,,,,,,,,,,,,,,
,,,,,,,,,,,,,,,,,,,,,,,,,,,,,,,,,,,,,,,,,
,,,,,,,,maybe w ,,,,,,,,,,,,,,,,,,,,,,,,,,,,,,,,,
,,,,,,,,,,,,,,,,,,,,,,,,,,,,,,,,,,,,,,,,,
,,,,,,,,,,,,,,,,,,,,,,,,,,,,,,,,,,,,,,,,,
,,,,,,,,,,,,,,,,,,,,,,,,,,,,,,,,,,,,,,,,,
,,,,,,,,,,,,,,,,,,,,,,,,,,,,,,,,,,,,,,,,,
,,,,,,,,,,,,,,,,,,,,,,,,,,,,,,,,,,,,,,,,,
,,,,,,,,,,,,,,,,,,,,,,,,,,,,,,,,,,,,,,,,,
Removed,,,,,,,,,,,,,,,,,,,,,,,,,,,,,,,,,,,,,,,,,
ƒÉ or √£,…ô,merge into a,uh,,syrup,,,,,,,,,,,,,,,,,,,,,,,,,,,,,,,,,,,,
√§,√¶,merge into a,ae,,ant,,,,,,,,,,,,,,,,,,,,,,,,,,,,,,,,,,,,
Œ¥ or ƒë or ·∏è or ƒè,Œî√∞ ,,th (dis),,this,,,,,,,,,Œî/Œ¥,,,,,,,,,,,,,,,,,,,,,,,,,◊ì,,
√© ,e,into dipthong - ei,ay,,"hey, may, hay",,,,,–•,,,,,,,,,,,,,,,,,,,,,,,,,,,,,,,
x or ƒ• (remove probably),x,,Kh/-ch (guttural),,,-,,,,,h,,ƒ§,Œß,,,,,,,,,,,,,,,,,,,,,,,,,,,
Œ∏ or ·πØ,Œ∏ ,,th (ting),,"thing, many native, arabic, and asian",,,,,–¶,,,,Œ∏,,,,,,,,,,,,,,,,,,,,,,,,,◊™,,
–¶ or ◊¶ or c,tÕús,,ts,,,c,,,,,C,—Ü,C,,—Ü,,,,,,,,,,,,,,,,,,,,„Å§,,,,◊¶◊•,,
√º ,y,,ew; just use yu,,few,,,,,,,,,,,,,≈´,√º,,,,,,,,,,,,,,,,,,,,,,